Designator,Mid X,Mid Y,Rotation,Layer
A1,120.91,-111.26,180.0,top
C1,59.4117,-88.2725,0.0,top
C10,59.5911,-128.61,0.0,top
C11,65.1994,-126.56,180.0,top
C12,65.1994,-124.36,180.0,top
C13,65.0494,-122.41,180.0,top
C14,63.8244,-112.96,180.0,top
C15,63.0994,-110.56,90.0,top
C16,61.4411,-98.46,0.0,top
C17,64.0494,-108.01,0.0,top
C18,64.0494,-104.01,0.0,top
C19,145.8818,-134.275,270.0,top
C2,66.8,-85.8625,180.0,top
C20,148.8,-120.65,180.0,top
C21,168.800001,-131.699999,0.0,top
C22,168.825001,-133.299999,0.0,top
C23,145.741901,-116.056901,270.0,top
C24,148.8,-102.35,180.0,top
C25,168.799999,-113.500001,0.0,top
C26,168.824999,-115.100001,0.0,top
C27,145.8,-97.698702,270.0,top
C28,148.758099,-84.073703,180.0,top
C29,168.729141,-95.389149,0.0,top
C3,66.8,-83.3625,180.0,top
C30,168.787239,-96.96005,0.0,top
C31,145.8,-79.375,270.0,top
C32,148.8,-65.85,180.0,top
C33,168.749049,-77.20905,0.0,top
C34,168.774049,-78.80905,0.0,top
C35,145.781499,-61.098703,270.0,top
C36,148.8215,-47.473703,180.0,top
C37,168.74,-59.1,0.0,top
C38,168.765,-60.7,0.0,top
C39,83.56,-125.86,0.0,top
C4,66.62,-81.3825,180.0,top
C40,100.96,-135.29,90.0,top
C41,86.16,-126.96,270.0,top
C42,123.55,-76.95,270.0,top
C43,123.5,-66.825,270.0,top
C44,103.0,-59.9304,270.0,top
C45,102.95,-56.1767,90.0,top
C46,102.95,-53.1517,270.0,top
C47,108.8375,-52.6213,0.0,top
C48,118.3467,-60.32415,270.0,top
C49,118.3467,-56.52415,90.0,top
C5,65.05,-71.8625,180.0,top
C50,124.1467,-52.72415,0.0,top
C51,118.3467,-53.42415,270.0,top
C52,132.98,-59.8,270.0,top
C53,132.98,-56.125,90.0,top
C54,138.95,-52.5,0.0,top
C55,132.98,-53.025,270.0,top
C56,129.65,-83.6,0.0,top
C57,108.3,-87.7,90.0,top
C58,108.3,-92.9,90.0,top
C59,108.3,-96.5,270.0,top
C6,64.24,-69.0525,90.0,top
C60,108.3,-100.8,90.0,top
C61,108.3,-104.5,270.0,top
C62,108.3,-108.65,90.0,top
C7,63.2817,-57.1725,0.0,top
C8,65.3,-66.4625,0.0,top
C9,65.3,-62.4125,0.0,top
CR1,59.55,-79.2555,0.0,top
CR10,173.69719,-91.400999,90.0,top
CR11,174.36224,-96.33155,270.0,top
CR12,174.274951,-68.385347,270.0,top
CR13,173.874951,-73.135346,90.0,top
CR14,174.34905,-78.18055,270.0,top
CR15,174.224999,-50.9,270.0,top
CR16,173.584,-55.049999,90.0,top
CR17,174.340001,-60.0715,270.0,top
CR2,58.0494,-119.303,0.0,top
CR3,174.065801,-121.999999,270.0,top
CR4,173.765801,-127.249998,90.0,top
CR5,174.400001,-132.671499,270.0,top
CR6,174.125901,-103.881902,270.0,top
CR7,173.725901,-109.031901,90.0,top
CR8,174.399999,-114.471501,270.0,top
CR9,174.22919,-87.100999,270.0,top
D1,71.85,-87.6,270.0,top
D10,86.0,-102.85,90.0,top
D11,98.4625,-110.6875,0.0,top
D12,86.1,-117.25,90.0,top
D13,119.2,-67.7,0.0,top
D14,115.8,-67.7,0.0,top
D15,112.45,-67.7,0.0,top
D16,109.2,-67.7,0.0,top
D17,105.78,-67.65,0.0,top
D18,102.48,-67.65,0.0,top
D19,95.6,-69.3,0.0,top
D2,71.8,-83.425,270.0,top
D3,68.14,-63.49,270.0,top
D4,71.55,-128.05,270.0,top
D5,71.0494,-123.96,270.0,top
D6,66.8494,-105.11,270.0,top
D7,98.16,-81.36,0.0,top
D8,86.0,-88.1,90.0,top
D9,98.2625,-96.0875,0.0,top
FB1,65.3,-89.3625,90.0,top
FB2,65.4494,-129.66,90.0,top
FB3,145.8818,-119.75,90.0,top
FB4,145.8,-101.45,90.0,top
FB5,145.8,-83.225,90.0,top
FB6,145.8,-64.95,90.0,top
FB7,145.8215,-46.573703,90.0,top
FB8,121.8,-66.95,90.0,top
J1,181.903001,-126.799998,270.0,top
J10,143.081499,-54.363703,180.0,top
J11,138.69,-136.85,90.0,top
J12,105.53,-133.41,180.0,top
J13,98.88,-56.0734,180.0,top
J14,104.044913,-47.9665,0.0,top
J15,114.2817,-55.8783,180.0,top
J16,119.000001,-47.9665,0.0,top
J17,129.155,-55.98,180.0,top
J18,133.9,-47.985199,0.0,top
J19,49.2,-94.65,270.0,top
J2,181.903,-108.6,270.0,top
J20,49.25,-82.2,270.0,top
J21,71.9,-134.9,0.0,top
J22,91.83,-88.63,0.0,top
J23,81.535199,-86.1,90.0,top
J24,92.03,-103.47,0.0,top
J25,81.5165,-100.6,90.0,top
J26,92.03,-117.67,0.0,top
J27,81.556499,-115.300002,90.0,top
J28,75.497938,-56.1175,180.0,top
J29,88.2,-61.6,0.0,top
J3,181.86524,-90.460049,270.0,top
J30,77.017938,-61.5975,0.0,top
J31,88.2,-67.6,0.0,top
J32,77.017938,-67.5975,0.0,top
J33,88.2,-73.6,0.0,top
J34,77.017938,-73.5975,0.0,top
J35,86.2,-48.1,270.0,top
J36,80.2,-48.1,270.0,top
J37,74.1,-48.1,270.0,top
J38,68.1,-48.1,270.0,top
J39,62.2,-48.1,270.0,top
J4,181.85205,-72.309049,270.0,top
J40,56.2,-48.2,270.0,top
J41,92.2,-48.1,270.0,top
J5,181.843001,-54.199999,270.0,top
J6,143.1818,-127.34,180.0,top
J7,143.041901,-109.121901,180.0,top
J8,143.108099,-91.453702,180.0,top
J9,143.1,-72.74,180.0,top
K1,95.36,-84.26,180.0,top
K2,95.4,-98.9875,180.0,top
K3,95.6,-113.4,180.0,top
L1,56.8,-68.5706,270.0,top
L2,55.6494,-108.71,270.0,top
L3,82.96,-128.66,180.0,top
R1,68.3,-88.3625,0.0,top
R10,64.8394,-110.6,270.0,top
R11,67.1394,-111.4,0.0,top
R12,64.0394,-106.0,0.0,top
R13,169.156801,-122.649999,180.0,top
R14,161.856801,-131.749999,0.0,top
R15,161.375001,-122.549999,180.0,top
R16,169.8375,-104.450001,180.0,top
R17,161.875,-113.550001,0.0,top
R18,161.245599,-104.3681,180.0,top
R19,170.141641,-86.186347,180.0,top
R2,70.8,-79.8625,0.0,top
R20,161.904141,-95.362644,0.0,top
R21,161.24974,-86.21005,180.0,top
R22,169.42405,-68.05905,180.0,top
R23,161.76155,-77.15905,0.0,top
R24,161.14905,-68.15905,180.0,top
R25,169.493501,-50.026297,180.0,top
R26,161.656001,-59.126297,0.0,top
R27,161.593501,-49.926297,180.0,top
R28,106.95,-62.4017,180.0,top
R29,136.955,-62.17415,180.0,top
R3,70.14,-75.9525,90.0,top
R30,122.546699,-62.281748,0.0,top
R31,127.26,-81.1,270.0,top
R32,131.26,-81.025,270.0,top
R33,135.26,-81.025,270.0,top
R34,105.5875,-52.6213,180.0,top
R35,120.8467,-52.72415,180.0,top
R36,135.65,-52.5,180.0,top
R37,125.26,-80.35,270.0,top
R38,133.26,-80.35,270.0,top
R39,129.26,-80.35,270.0,top
R4,65.84,-69.0525,270.0,top
R40,99.56,-84.8725,270.0,top
R41,97.36,-84.8725,270.0,top
R42,99.5,-99.3875,270.0,top
R43,97.4,-99.3875,270.0,top
R44,99.7,-113.7875,270.0,top
R45,97.6,-113.7875,270.0,top
R46,118.8,-78.7,270.0,top
R47,116.25,-78.7,270.0,top
R48,113.75,-78.7,270.0,top
R49,111.15,-78.7,270.0,top
R5,68.14,-69.7525,0.0,top
R50,107.0,-78.7,270.0,top
R51,104.2,-78.6875,270.0,top
R52,80.617938,-57.3975,180.0,top
R53,80.605438,-54.8475,180.0,top
R54,99.8,-78.6,270.0,top
R6,65.34,-64.4525,0.0,top
R7,68.2269,-128.6,0.0,top
R8,69.5394,-120.3,0.0,top
R9,68.5394,-117.5,90.0,top
R_ESR1,67.86,-67.3025,270.0,top
R_ESR2,66.5994,-108.91,270.0,top
U1,66.3,-76.3625,90.0,top
U10,165.20405,-72.63405,180.0,top
U11,152.4715,-54.728702,90.0,top
U12,165.195001,-54.525,180.0,top
U13,93.2641,-131.66,0.0,top
U14,130.205,-71.75,90.0,top
U15,106.645,-57.72585,0.0,top
U16,122.1467,-57.62415,0.0,top
U17,136.75,-57.55,0.0,top
U18,114.355,-72.849999,270.0,top
U19,102.555,-72.850001,270.0,top
U2,64.8444,-117.63415,90.0,top
U3,152.45,-127.905,90.0,top
U4,165.255001,-127.124999,180.0,top
U5,152.45,-109.604999,90.0,top
U6,165.255,-108.925001,180.0,top
U7,152.408099,-91.328702,90.0,top
U8,165.21724,-90.78505,180.0,top
U9,152.45,-73.104999,90.0,top
