Designator,Footprint,Quantity,Value,LCSC Part #
"C1, C19, C5",0805,3,10u,
"C10, C6, C7, C9",0402,4,4.7u,
"C11, C12, C13, C14, C15, C16, C17, C18, C2, C20, C21, C8",0402,12,100n,
"C22, C23, C25, C44, C45, C47, C48, C49, C51, C52, C53, C55, C56, C57, C59, C60, C61, C63, C64, C65, C66, C67, C68, C69, C70, C72, C78, C79, C80, C81, C82, C83, C84, C86",0603,34,100nF,
"C24, C46, C50, C54, C58, C62, C75, C76, C77, C89, C90, C91",0603,12,1uF,
"C26, C32, C35, C41",CAP_EEFK_D8_PAN-L,4,EEE-FK1H470XP,
"C27, C28, C36, C37",0805,4,2.2uF,
"C29, C38",0603,2,0.1uF,
"C3, C4",0402,2,15p,
"C30, C39",0603,2,2.2nF,
C31,0603,1,50pF,
"C33, C34, C42, C43",0805,4,22uF,
C40,0603,1,65pF,
"C71, C73, C74, C85, C87, C88",0603,6,25pF,
"C92, C93, C94, C95, C96, C97, C98, C99",0805,8,100nF,
"CR1, CR2",DIODE_TO-277A-L,2,SS5P10-M3/86A,
"CR10, CR11, CR12, CR13, CR14, CR15, CR16, CR17, CR18, CR19, CR20, CR21, CR22, CR23, CR24, CR25, CR26, CR3, CR4, CR5, CR6, CR7, CR8, CR9",SOT23_TO-236AB_NEX-L,24,PESD2CAN_215,
"D1, D4",Nexperia_CFP3_SOD-123W,2,D_Zener,
"D10, D11, D12, D13, D14, D7",0805,6,LED (red),
"D15, D16, D17, D18, D19, D20",D_SMB,6,SM6T39AY,
"D2, D29, D3, D30, D5, D6",0805,6,LED,
"D21, D22, D23, D24, D25, D26, D27, D28",D_SOD-323F,8,BAT54J,
"D8, D9",D_SOD-128,2,"PMEG4010EP,115",
"FB1, FB2",0805,2,FerriteBead,
"FB10, FB3, FB4, FB5, FB6, FB7, FB8, FB9",0603,8,FerriteBead,
J1,USB_Micro-B_Amphenol_10103594-0001LF_Horizontal,1,USB_B_Micro,
"J10, J12, J14, J4, J6, J8",PinHeader_1x04_P2.54mm_Vertical,6,debug,
"J11, J13, J15, J5, J7, J9",CONN_SD-43045-010_08_MOL,6,430450828,
"J16, J17, J18, J22, J23, J24, J28, J29, J30, J31, J32, J33",PinHeader_2x02_P2.54mm_Vertical,12,Conn_02x02_Odd_Even,
"J19, J20, J21, J25, J26, J27, J34, J35, J36, J37, J38, J39",CONN_SD-43650-010_03_MOL,12,436500328,
J2,JST_SH_SM03B-SRSS-TB_1x03-1MP_P1.00mm_Horizontal,1,SM03B-SRSS-TB,
J3,JST_NV_B02P-NV_1x02_P5.00mm_Vertical,1,Conn_01x02,
J40,JST_EH_B2B-EH-A_1x02_P2.50mm_Vertical,1,E_stop,
J41,JST_EH_B3B-EH-A_1x03_P2.50mm_Vertical,1,x_home,
J42,JST_EH_B3B-EH-A_1x03_P2.50mm_Vertical,1,y_home,
J43,JST_EH_B3B-EH-A_1x03_P2.50mm_Vertical,1,z_home,
J44,JST_EH_B3B-EH-A_1x03_P2.50mm_Vertical,1,a_home,
J45,JST_EH_B3B-EH-A_1x03_P2.50mm_Vertical,1,b_home,
J46,JST_EH_B3B-EH-A_1x03_P2.50mm_Vertical,1,c_input,
J47,JST_EH_B3B-EH-A_1x03_P2.50mm_Vertical,1,d_input,
J48,PinHeader_1x04_P2.54mm_Vertical,1,UART,
J49,PinHeader_1x04_P2.54mm_Vertical,1,aux1,
J50,PinHeader_1x04_P2.54mm_Vertical,1,aux2,
"K1, K2, K3, K4, K5, K6",V-SOP4_special_OMR,6,G3VM-61VY3,
L1,L_pol_2016,1,3.3u,
L2,IND_1210-WE-PD_WRE,1,7447709470,
L3,IND_1210-WE-PD_WRE-L,1,7447709220,
"Q1, Q2, Q3, Q4, Q5, Q6",SOT-23,6,BSS316N,
R1,0402,1,DNF,
R10,0402,1,0,
"R11, R19",0805,2,31.6kOhm,
"R12, R20",0603,2,100k,
"R13, R14, R15, R24, R25, R26, R27, R28, R29, R30, R31, R32, R33, R34, R35, R36, R37, R38, R45, R46, R47, R57, R58, R59",0603,24,10k,
R16,0603,1,453k 1%,
R17,0603,1,48.1k 1%,
R18,0805,1,2k,
"R2, R4, R6",0402,3,1k,
R21,0603,1,316k 1%,
R22,0603,1,100k 1%,
R23,0805,1,330,
R3,0402,1,33,
"R39, R41, R43, R51, R53, R55",0603,6,4.7k,
"R40, R42, R44, R52, R54, R56",0805,6,100,
"R48, R49, R50, R60, R61, R62",0805,6,0/10Ohm,
"R5, R9",0805,2,10k,
"R63, R64, R65, R66, R67, R68, R69, R83, R84, R86, R87, R88, R89, R90, R91",0805,15,470,
"R7, R8",0402,2,27,
"R70, R71, R72, R73, R74, R75, R76, R77, R78, R79, R80, R81, R82, R85",0805,14,4.7kOhm,
"R_ESR1, R_ESR2",0603,2,20mOhm,
"SW1, SW2",SW_Push_1P1T_NO_Vertical_Wuerth_434133025816,2,SW_Push,
U1,RP2350-QFN-80-1EP_10x10_P0.4mm_EP3.4x3.4mm_ThermalVias,1,RP2350_80QFN,
"U10, U12, U14, U16, U4, U8",DW0016B_L,6,ISO7730FDWR,
"U11, U13, U15, U17, U5, U9",SOIC-16_3.9x9.9mm_P1.27mm,6,AM26LS31CD,
"U18, U22",DW0016B_M,2,ISO7730FDWR,
"U19, U20, U21, U23, U24, U25",SOIC-8_M_MCH-M,6,MIC4420YM-TR,
U2,SOT-223-3_TabPin2,1,NCP1117-3.3_SOT223,
"U26, U27",SO16_TOS,2,TLP291-4GB-TP_ET,
"U28, U29",SOIC127P700X229-16N,2,TLP291-4_TP_E_,
U3,SOIC-8_5.23x5.23mm_P1.27mm,1,W25Q128JVS,
"U6, U7",POWERPAD8_DDA_TEX-L,2,LM5013QDDARQ1,
Y1,Crystal_SMD_3225-4Pin_3.2x2.5mm,1,ABM8-272-T3,
